Name,Address,Productor,PorpertyCompany,Start-Time,Type,Delivery-Time,Plot-Ratio,LimitOfusingTime,Green-Rate,Planning-homesNum,Property-fee,Floor-Area,Building-Area,Price,DanWei
禹洲府,富国路199弄,上海灏溢房地产开发有限公司,禹洲物业服务有限公司上海分公司,2017-06-27-,住宅,2019-03-01-,2.20,70年,35%,1042,4.5,41262,131,350,万/套
禹洲丁香里,澄浏公路路唐家浜路路口,上海舜鸿房地产开发有限公司,禹洲物业服务有限公司上海分公司,2017-04-26-,住宅,2018-12-,1.80,70年,36%,532,3.1,31139,56,32000,元/平
宝华城市之星,石泉路18弄,上海凯祥房地产有限公司,上海安荣物业管理服务有限公司,2017-02-08-,住宅,2018-12-,2.80,70年,35%,276,8.8,57426,200,95000,元/平
恒大御澜庭,淀山湖大道复兴路路口,上海丰涛置业有限公司,恒大金碧物业,2017-05-14-,别墅,2018-12-,0.50,70年,35%,1200,3,350000,175,41000,元/平
金地世家,合作路199弄,上海嘉金房地产发展有限公司,上海金地物业服务有限公司,2017-09-21-,住宅,2018-12-,1.75,70年,35%,917,3.2,61589,108,43500,元/平
信达蓝尊,"长水街277弄,长水街01-08.11-14.16-19号",上海松江信达银瓴置业有限公司,上海万科物业有限公司,2018-01-19-,住宅,2017-12-,2.00,70年,35%,1085,3.5,46868,125,42500,元/平
宝业爱多邦,崧淀二路99号,上海宝悦房地产开发有限公司,上海卓越物业管理有限公司,2017-02-14-,住宅,预计2018-09-,2.00,70年,35%,596,3.5,27938,83,42000,元/平
森兰名轩,张扬北路东高路路口,上海同运置业有限公司,上海实业,2017-04-12-,住宅,预计2018-04-,1.20,70年,35%,426,3.9,53000,95,,
御龙名邸,海丰路128弄,上海山阳房产开发有限公司,上海海尚物业管理有限公司,2016-09-30-,住宅,2016-01-01-,0.67,70年,39%,864,0.75,49971,70,22000,元/平
华润中央公园(浩翔路98弄),浩翔路98弄,华润(上海)房地产开发有限公司,华润置地（上海）物业管理有限公司,2016-05-,住宅,2016-12-,1.31,70年,35%,1679,4,260000,460,53000,元/平
佳兆业城市广场,嘉定-顺宁路501弄,上海嘉湾兆业房地产有限公司,佳兆业品牌物业,2016-10-01-,住宅,2017-12-,1.80,70年,35%,754,2.6,117257,290,32500,元/平
尚海湾豪庭,徐汇-宛平南路1441号,上海鑫泰房地产发展有限公司,戴德梁行物业管理有限公司,2016-12-25-,住宅,2019-05-,3.23,70年,35%,2500,5.5,246000,620,155000,元/平
上海长滩,宝山－牡丹江路1875号(近富锦路),上港集团瑞泰发展有限责任公司,上港瑞泰,2017-07-09-,住宅,2017-12-,2.70,70年,35%,4200,4.2,776200,1,58500,元/平
华纺和成未来派,九工路1885弄,上海华纺房地产开发有限公司,上海乐居物业有限公司,2015-11-30-,住宅,2017-07-13-,1.80,70年,35%,1500,2,76805,186,17900,元/平米
欣悦华庭,新四平公路2378弄,上海泉轩房地产开发有限公司,上海临源物业有限公司,2017-07-08-,住宅,2018-06-15-,1.40,70年,35%,268,2.18,19988,27,22500,元/平米
中南君悦府,大盈浦路1800弄,上海锦府房地产开发有限公司,中南物业,2017-06-28-,别墅,2018-08-,2.00,70年,35%,402,3.5,19397,38,560,万/套
万科公园大道,富卓路789弄,上海郡科投资管理有限公司,上海万科物业服务有限公司,2018-01-19-,住宅,2018-05-,2.40,70年,35%,1976,3.9,81044,230,46500,元/平
大发融悦,青浦-朱家角路158弄,上海垠壹置业有限公司,上海紫泰物业管理有限公司,2017-04-26-,住宅,2017-12-,1.80,70年,45%,900,3.2,45000,83,40000,元/平
臻水岸苑,青浦-业辉路199弄,上海和赵房产开发有限公司,家利物业管理(上海)有限公司,2016-08-15-,别墅,2016-05-,1.20,70年,35%,266,4.8,74100,133,47500,元/平
保利天琴宇舍,嘉定-洪德路35弄,上海保利隆佳房地产开发有限公司,上海保利物业管理,2015-07-11-,住宅,2016-03-01-,1.76,70年,30%,408,3.2,66200,115,38500,元/平
君悦湾墅,联民路877弄,上海君强置业有限公司,上海绿城物业管理有限公司,2015-09-26-,别墅,2015-11-17-,1.00,70年,40%,482,4.15,119731,189,,
英庭名墅,青浦-诸光路228弄,上海广南房地产发展有限公司,戴德梁行物业有限公司,2016-05-18-,别墅,2015-12-15-,0.40,70年,45%,320,8,144657,99,,
佳源梦想广场,奉贤-金海公路99弄,上海祥源房地产有限公司,浙江佳源物业管理有限公司,2017-06-20-,住宅,2018-05-11-,1.60,70年,35%,526,1.95,157690,439,,
湖畔天下(公寓),嘉定-瑞林路800弄,上海和雅房地产开发有限公司,家利物业管理（深圳）有限公司上海湖畔名邸物业管理分公司,2016-03-26-,住宅,2016-06-30-,1.56,70年,30%,3000,3.6,119300,595,,
远洋万和四季,观海路1588弄,上海远汇置业有限公司,上海远洋物业,预计2018-01-,住宅,2018-06-30-,2.00,70年,35%,2627,2.9,123063,308,32000,元/平
象屿上海年华,松江-明华路1077弄,上海磐基房地产有限公司,上海复瑞物业管理有限公司,2017-03-05-,住宅,2018-08-,1.40,70年,35%,1046,2.8,66463,109,46000,元/平
仁恒东郊花园,浦东-玉盘北路288弄,上海仁恒兴唐置业有限公司,上海仁恒物业管理有限公司,2016-10-17-,住宅,2017-11-30-,1.40,70年,35%,1194,5.6,128000,180,,
紫樱阁,崧泽大道9188弄,上海紫樱房地产开发有限公司,暂无,2018-01-08-,住宅,2019-05-30-,1.25,70年,35%,150,1.42,5128,6,38900,元/平米
大发融悦四季,汇金路与秀泽路交汇处,上海凯旸置业有限公司,上海大发物业管理有限公司,2018-01-07-,住宅,2019-09-30-,2.00,70年,35%,457,3.5,27508,31,42500,元/平
静安康鑫家园,海防路58弄,上海康定房地产有限公司,暂无,2018-02-24-,住宅,预计2019-05-,3.00,70年,35%,164,,6331,19,87000,元/平米
盘古园府,宝塔路与崇信路交叉口西,上海盘谷房地产有限公司,上海泰融贸易发展有限公司,2018-03-02-,住宅,2019-06-15-,1.93,70年,35%,408,4.95,50000,120,38500,元/平米
星尚湾名邸,青浦-新凤中路899弄,上海文基置业有限公司,深圳彩生活,2016-03-25-,住宅,2017-12-,1.80,70年,40%,2500,1.75,159549,350,42000,元/平
中粮南桥锦云,德政路298弄,上海悦鹏置业发展有限公司,中粮地产集团深圳物业管理有限公司上海分公司,2018-03-02-,住宅,2019-12-,2.50,70年,35%,793,3.6,33215,83,35500,元/平米
大宁揽翠艺墅,闸北－广延路1099弄,上海东北明园实业发展有限公司,明森物业有限公司,2015-10-01-,别墅,待定,0.65,70年,36%,72,5,82700,54,120000,元/平
中山学林苑,定西路1310弄16号,颐丰（上海）有限公司,上海瑞强物业管理有限公司,2017-10-08-,住宅,2017-12-30-,2.70,70年,35%,120,3,8350,21,84400,元/平米
源昌幸福里,青浦崧泉路782号,上海源昌置业有限公司,泰安宝龙商业物业管理有限公司,2016-10-15-,住宅,2018-06-01-,2.50,70年,32%,545,3.2,27388,84,42000,元/平
禹洲丁香里,澄浏公路路唐家浜路路口,上海舜鸿房地产开发有限公司,禹洲物业服务有限公司上海分公司,2017-04-26-,住宅,2018-12-,1.80,70年,36%,532,3.1,31139,56,32000,元/平
恒大御澜庭,淀山湖大道复兴路路口,上海丰涛置业有限公司,恒大金碧物业,2017-05-14-,别墅,2018-12-,0.50,70年,35%,1200,3,350000,175,41000,元/平
桃李春风景苑,海宁尖山新区新城路东侧钱塘江路北侧,海宁绿金置业有限公司,海宁家和物业服务有限公司,2017-11-11-,住宅,2019-12-30-,1.46,70年,33%,766,1.8,43800,80,9500,元/平米
金地世家,合作路199弄,上海嘉金房地产发展有限公司,上海金地物业服务有限公司,2017-09-21-,住宅,2018-12-,1.75,70年,35%,917,3.2,61589,108,43500,元/平
源昌幸福里,青浦崧泉路782号,上海源昌置业有限公司,泰安宝龙商业物业管理有限公司,2016-10-15-,住宅,2018-06-01-,2.50,70年,32%,545,3.2,27388,84,42000,元/平
信达蓝尊,"长水街277弄,长水街01-08.11-14.16-19号",上海松江信达银瓴置业有限公司,上海万科物业有限公司,2018-01-19-,住宅,2017-12-,2.00,70年,35%,1085,3.5,46868,125,42500,元/平
宝业爱多邦,崧淀二路99号,上海宝悦房地产开发有限公司,上海卓越物业管理有限公司,2017-02-14-,住宅,预计2018-09-,2.00,70年,35%,596,3.5,27938,83,42000,元/平
阳光星期八,解放东路588号,上海丰翰房地产开发有限公司,上海阳光工联物业管理有限公司,2017-11-28-,住宅,2019-12-30-,2.00,70年,35%,422,3.2,130000,270,37500,元/平
保利建工西郊锦庐,业文路189弄,上海启贤置业有限公司,上海保利翰物业管理,预计2016-10-,别墅,2018-12-,1.02,70年,35%,1026,4.3,115934,118,,
华润中央公园(浩翔路98弄),浩翔路98弄,华润(上海)房地产开发有限公司,华润置地（上海）物业管理有限公司,2016-05-,住宅,2016-12-,1.31,70年,35%,1679,4,260000,460,53000,元/平
佳兆业城市广场(商业类),胜竹东路3850号/胜竹东路3870号,上海嘉湾兆业房地产有限公司,佳兆业物业集团,2017-12-,商铺,2017-12-,1.80,40年,35%,476,20,117257,290,32000,元/平米
绿地海珀玉晖,普陀-白玉路678弄,上海绿地新龙基置业有限公司,上海时和南都物业管理有限公司,2016-08-27-,住宅,待定,3.64,70年,30%,189,4.5,4434,33,105000,元/平
大华伊斐墅,浦东-成山路1396号,上海锦绣华城房地产开发有限公司,上海浦华物业管理有限公司,2016-10-08-,别墅,2018-08-30-,0.80,70年,35%,156,3.1,15000,12,4380,万/套
万科公园大道,富卓路789弄,上海郡科投资管理有限公司,上海万科物业服务有限公司,2018-01-19-,住宅,2018-05-,2.40,70年,35%,1976,3.9,81044,230,46500,元/平
经纬城市绿洲,宝山-纬地路99弄（沪太路纬地路路口）,经纬置地有限公司,现代智能物业管理(上海)有限公司,2016-09-12-,住宅,2017-12-,1.22,70年,45%,3911,1.55,195000,240,50000,元/平
绿城上海诚园,云樱路199弄,上海临港奉贤置业有限公司,上海绿城物业有限公司,预计2017-10-,住宅,2018-12-,1.60,70年,30%,1446,4.2,89745,208,23000,元/平
碧桂园嘉誉,启悦路700弄,碧桂园（上海）房地产开发有限公司,碧桂园物业,2016-10-26-,住宅,2017-12-,1.20,70年,35%,680,3,62443,105,32500,元/平
泰禾大城小院,凤凰公路与潘园公路交叉口,上海禾柃房地产开发有限公司,泰禾物业,2018-02-03-,别墅,2020-06-30-,1.50,70年,35%,2800,7.9,200000,420,,
万科UniCity天空之城,诸陆西路966号（近徐盈路）,上海广欣投资发展有限公司,上海万科物业管理有限公司,2017-12-,住宅,预计2018-09-,1.60,70年,35%,2299,3.95,260118,538,59800,元/平
东亚启航公馆,航城三路518弄,上海硕日旷宇投资有限公司,北京东亚时代物业管理有限公司,2016-05-27-,住宅,2017-07-30-,1.20,70年,35%,686,2.8,47565,72,,
桐南美麓,奉贤金海公路广丰路交汇处,上海励治房地产开发有限公司,东原物业,2018-01-21-,住宅,2018-12-,1.80,70年,35%,1646,3.3,87916,158,33000,元/平米
长泰西郊,松江-泗砖南路1500号,上海德基置业有限公司,上海金晨物业经营管理有限公司,2015-11-30-,别墅,预计2018-07-,0.38,70年,38%,220,6,400000,36,,
御岛财富,崇明－长兴岛凤蓉路455弄（长兴派出所旁）,上海东毅置业发展有限公司,上海华轩房地产发展有限公司,2017-03-01-,住宅,2015-09-30-,1.20,70年,45%,251,2.5,36377,70,36500,元/平
季景铭郡,嘉定-南翔镇古猗园南路355弄,上海吉翔置业有限公司,狮城怡安（上海）物业管理有限公司,2016-09-03-,住宅,2016-08-,1.80,70年,35%,1272,2.7,72000,133,,
浦东星河湾,浦东-锦绣路2580弄,上海浦东星河湾房地产开发有限公司,星河湾物业,2016-09-10-,住宅,2016-09-10-,1.72,70年,48%,531,4.9,200000,95,105000,元/平
御龙名邸,海丰路128弄,上海山阳房产开发有限公司,上海海尚物业管理有限公司,2016-09-30-,住宅,2016-01-01-,0.67,70年,39%,864,0.75,49971,70,22000,元/平
凤凰景苑,闵行-景谷中路58弄（近石屏路）,上海闵行置业发展有限公司,上海莘旺物业管理有限公司,2016-06-05-,住宅,2017-08-30-,1.68,70年,38%,1640,2.8,230000,320,50000,元/平
静安府,平陆路999弄,上海华泓钜盛房地产开发有限公司,华润物业有限公司,预计2017-09-,住宅,2018-12-,2.65,70年,35%,2835,6.9,163512,670,,
浦发罗兰翡丽,浦东－玉盘北路281弄,上海浦东发展置业有限公司,上海绿城物业有限公司,2016-11-15-,住宅,2017-12-16-,1.70,70年,35%,1929,4.5,122000,202,66000,元/平
路劲上海派,嘉定-荣轩路60弄、双浦路70弄,上海隽安置业有限公司,上海路劲物业管理有限公司,2017-02-26-,住宅,2018-06-30-,2.00,70年,35%,797,2.45,72378,187,,
华侨城,普陀-西康路989弄,上海万锦置业发展有限公司,华侨城物业管理有限公司,2017-12-01-,住宅,2017-01-20-,3.31,70年,35%,548,4.3,40148,340,,
半岛君望,奉贤-八字桥路99弄(近环城东路),上海绿庭四季花城房地产开发有限公司,上海紫泰物业管理有限公司,2012-07-21-,别墅,2014-05-23-,0.22,70年,45%,82,6.62,156676,34,,
中建大公馆,杨浦－江湾城路899号（近国秀路）,中国中建地产有限公司,北京中建物业管理有限公司,2015-06-27-,别墅,2015-12-,1.00,70年,35%,418,6,114571,110,5500,万/套
尼德兰官邸,莱阳路3777弄,上海新高桥开发有限公司,上海同进物业服务有限公司,2016-03-29-,别墅,2015-11-30-,1.00,70年,35%,263,5.3,65835,65,1800,万/套
华润佘山九里,松江-古楼公路519弄、古楼公路659弄,华润超智房地产开发有限公司,华润置地（上海）物业管理有限公司,2016-10-01-,别墅,待定,1.00,70年,35%,539,4.2,121719,121,,
正荣国领(别墅),宝山-抚远路1211号（抚远路近美诺路）,正荣御园（上海）置业发展有限公司,正荣物业,2015-12-12-,别墅,2018-06-30-,1.01,70年,35%,555,4,110022,112,1073,万/套
仁恒公园世纪,浦东-银融路88弄,上海仁品房地产开发有限公司,上海仁恒物业管理有限公司,2017-05-06-,住宅,2017-12-,2.66,70年,39%,700,5.3,55775,210,2500,万/套
盛世豪园(二期),杨浦－闸殷路889弄（近殷高东路）,上海军华置业有限公司,上海安得物业管理有限公司,2017-04-30-,住宅,2016-07-,2.00,70年、50年,35%,978,5.1,360952,758,83300,元/平
尚汇豪庭,徐汇-华石路88弄,上海凯峰房地产开发有限公司,上海古北物业有限公司,2017-01-05-,住宅,预计2018-12-,2.20,70年,45%,1390,5.5,117900,260,,
华发四季,浦东-勤政路88弄,上海铧发创盛置业有限公司 ,第一太平戴维斯物业顾问(上海)有限公司,2016-10-,住宅,待定,2.00,70年、40年,35%,695,5.8,45992,139,,
嘉天汇,静安－新闸路1999弄,上海嘉申房地产开发经营有限公司,第一太平戴维斯,2015-10-24-,住宅,2015-09-30-,3.68,70年,30%,395,14.8,38000,140,,
朗诗未来街区,奉贤-北行路555弄（浦星公路大叶公路口向西至金碧路）,上海朗铭房地产开发有限公司,南京朗诗物业管理有限公司,2017-12-30-,住宅,2017-12-,2.00,70年,35%,2061,2.9,82405,234,,
恒大帝景,松江-茸兴路茸北路交汇处,上海松裕置业有限公司,上海金碧物业管理有限公司,2016-05-01-,住宅,2018-06-30-,1.60,70年、40年,35%,774,3,69936,153,,
毕加索花园小镇,金山-康德路358弄,上海金山华飞房地产有限公司,上海东郊皇廷有限公司,2014-10-18-,住宅,待定,1.00,70年,35%,953,2.2,110284,112,21000,元/平
万科翡翠滨江(一期),浦东-滨江大道399弄,上海中房滨江房地产有限公司,上海万科物业服务有限公司,2015-10-15-,住宅,2016-12-,2.76,70年,30%,488,9.6,46716,206,5700,万/套
上实滨湖和墅,青浦-绿湖路599弄,上海丰茂置业有限公司,上海上实物业管理有限公司,2017-12-,别墅,2015-09-30-,0.30,70年,45%,400,5,91595,43,,
万科海上传奇,浦东-御桥路1751号,上海地杰置业有限公司,上海万科物业管理公司,2015-07-24-,住宅,2018-12-,2.00,70年,45%,2256,3.4,120000,250,,
泷湾苑,青浦-业前路1688弄,上海和新房产开发有限公司,家利物业管理(上海)有限公司,2016-03-16-,别墅,2016-12-01-,1.02,70年,35%,510,3.9,144482,151,,
中福浦江汇,黄浦-海潮路133弄,上海中福地产置业有限公司,上海中福联合物业管理有限公司,2016-11-18-,住宅,2014-09-02-,3.50,70年,35%,2276,3.3,46069,46,,
东方鸿璟,浦东-航亭环路399弄,上海航亭置业有限公司,上海绿城物业有限公司,2017-09-03-,住宅,2016-06-30-,1.40,70年,35%,790,3.3,76414,146,36500,元/平
嘉宝前滩后院,云台路1101弄,嘉宝集团,嘉宝物业,2017-06-05-,别墅,2018-01-,1.20,70年,35%,152,8,25736,59,1620,万/套
绿地天呈,胜竹路2600号,上海绿地嘉唐置业有限公司,盛全物业,2017-07-06-,住宅,2018-11-30-,2.00,70年、40年,35%,1083,3,80000,160,44000,元/平
东滩豫翠苑,北陈公路银鸥西路路口,上海崇明豫商置业有限公司,临客嘉物业经营管理(上海)有限公司,2017-02-05-,别墅,2018-06-30-,1.00,70年,35%,448,5.8,54052,53,453,元/平米
禹洲雍贤府,奉贤浦星公路与大叶公路交汇处,上海泽翔房地产开发有限公司,禹洲物业服务有限公司上海分公司,2017-06-25-,别墅,2019-09-30-,1.60,70年,35%,1860,3.5,109266,268,317,万/套
正阳世纪星城,正环路666弄,上海临港奉贤置业有限公司,上海陆家嘴物业管理有限公司,2014-10-08-,住宅,2015-11-30-,1.34,70年,37%,84,,191666,230,,
韵湖豪庭,太仓市沙溪镇德西路688号,建伟控股集团,苏州华新国际物业有限公司,2017-02-06-,住宅,2019-06-30-,2.00,70年,30%,1088,2,53000,120,14000,元/平米
金地双都汇,明兴路18弄,上海鑫威房地产开发有限公司,上海金地物业服务有限公司,2017-05-20-,别墅,预计2018-05-,1.40,70年,35%,923,3.2,65000,130,,
古北金鹰府,虹中路399弄,金鹰申集团有限公司,南京金鹰资产物业管理有限公司上海分公司,2017-04-28-,住宅,预计2018-07-,1.75,70年、40年,35%,832,5.8,51018,134,,
盛世荟庭,浦东川南奉公路拱北路口,上海东鉴房地产开发有限公司,浦房物业服务中心有限公司,2018-01-15-,住宅,2019-12-,1.80,70年,40%,558,2.98,32166,52,,
信义嘉庭,嘉定-翁家宅路89弄,信义置业（上海）有限公司,上海复瑞物业管理有限公司,2016-08-15-,住宅,2017-12-,2.20,70年,35%,1187,2.8,57750,188,40000,元/平
中粮南桥半岛,奉贤-贤政路333弄(近解放东路),上海悦鹏置业发展有限公司,中粮地产集团深圳物业管理有限公司上海分公司,2014-10-15-,住宅,2014-06-29-,1.60,70年,35%,782,2.4,38756,81,,
臻品嘉园(公寓),嘉定-双单路999弄(云谷路旁),上海绿地源盛置业有限公司,长城物业公司,2014-05-24-,别墅,2015-06-30-,1.75,70年,35%,1614,2.2,85000,228,,
尚海郦景,浦东-桃林路299弄,上海地产（集团）有限公司,上海新古北物业管理有限公司,2016-09-03-,别墅,2018-01-,2.50,70年,35%,1772,6.5,115786,286,4250,万/套
风荷丽景尚城,宝塔路99弄,上海鼎申置业发展有限公司,深圳市鼎太物业管理有限公司,2016-07-02-,别墅,2012-01-01-,0.78,70年,35%,2137,1.9,150680,326,943,万/套
泰禾红桥,青浦-青湖东路555弄,上海禾启房地产开发有限公司,泰禾物业,2017-05-07-,住宅,2017-06-30-,2.00,70年、40年,35%,1363,3.2,63679,121,41000,元/平
中金海棠湾(公寓),浦东-周东南路599弄,上海康桥高科创业发展有限公司,上海联源物业发展有限公司,2017-12-08-,住宅,2018-01-01-,1.29,70年,35%,1175,2.2,130000,240,650,元/平米
金臣别墅,闵行-金光路801弄（近北青公路）,上海金臣房地产发展有限公司,广东中奥物业管理有限公司,2014-11-08-,别墅,2015-12-,0.35,70年,43%,89,9.8,111549,44,8133,万/套
翠湖天地隽荟,卢湾－济南路260弄,上海骏兴房地产开发有限公司,上海丰诚物业管理有限公司,2016-09-10-,住宅,2017-04-30-,4.00,70年,35%,302,19.2,20364,87,,
万科翡翠公园(公寓),浦东-环科路677弄,上海万之江房地产开发有限公司,万科物业,2017-03-29-,住宅,待定,2.88,70年,35%,1974,5.8,105000,300,,
绿城上海诚园,云樱路199弄,上海临港奉贤置业有限公司,上海绿城物业有限公司,预计2017-10-,住宅,2018-12-,1.60,70年,30%,1446,4.2,89745,208,23000,元/平
万科UniCity天空之城,诸陆西路966号（近徐盈路）,上海广欣投资发展有限公司,上海万科物业管理有限公司,2017-12-,住宅,预计2018-09-,1.60,70年,35%,2299,3.95,260118,538,59800,元/平
泰禾大城小院,凤凰公路与潘园公路交叉口,上海禾柃房地产开发有限公司,泰禾物业,2018-02-03-,别墅,2020-06-30-,1.50,70年,35%,2800,7.9,200000,420,,
东亚启航公馆,航城三路518弄,上海硕日旷宇投资有限公司,北京东亚时代物业管理有限公司,2016-05-27-,住宅,2017-07-30-,1.20,70年,35%,686,2.8,47565,72,,
桐南美麓,奉贤金海公路广丰路交汇处,上海励治房地产开发有限公司,东原物业,2018-01-21-,住宅,2018-12-,1.80,70年,35%,1646,3.3,87916,158,33000,元/平米
世茂云图,浦东-康涵路58号,上海世茂翊信置业有限公司,上海世贸物业,2017-06-30-,住宅,2017-12-30-,1.70,70年、40年,35%,830,3,49369,120,,
临港首府,竹柏路503弄,上海临港新城投资建设有限公司,上海临港新城物业管理有限公司,2017-12-,别墅,2018-06-30-,1.00,70年,35%,511,2.5,105000,108,,
宫园巧筑,抚远路993号,永耀（上海）房地产开发有限公司,狮城怡安（上海）物业管理有限公司,2017-09-01-,别墅,2018-03-30-,1.01,70年,35%,301,4.9,53837,54,494,万/套
万科安亭新镇,安勇路20弄,上海国际汽车城置业有限公司,上海国际汽车城物业管理有限公司,2018-02-25-,住宅,2018-06-30-,0.59,70年,60%,833,3.4,5000000,1,,
瑞虹新城悦庭,瑞虹路368弄,上海瑞虹新城有限公司,上海丰诚物业管理有限公司,2017-12-,住宅,2017-09-30-,3.63,70年,37%,650,2.1,52630,50,,
路劲佘山院子,松江松江崇南公路599弄,上海隽通置业有限公司,路劲物业,2017-06-30-,别墅,2017-12-28-,2.00,70年,35%,615,3.25,37336,76,700,万/套
绿波景园,沪松公路2972弄6-8号,上海荣宇房地产开发有限公司,上海泗房物业发展有限公司,2016-09-30-,住宅,2018-12-,1.68,70年,41%,1108,1.4,100000,130,36000,元/平
东方华璟园,人民路255号,上海市东璟企业发展有限公司,大华集团上海物业管理有限公司,2016-12-28-,住宅,2017-12-,2.50,70年,30%,679,1.9,19000,69,24000,元/平米
汤泉美地城,金石北路6666号（近新农立交桥）,上海尚合物业发展有限公司,上海紫泰物业管理有限公司,2016-10-01-,别墅,2016-12-,0.72,70年,40%,5000,3,132945,35,468,万/套
碧桂园玫瑰公馆,枫泾镇润兴路8弄30号,上海兴赞置业有限公司,碧桂园物业,2017-06-10-,别墅,2018-06-30-,1.01,70年,35%,244,3.8,22587,22,409,万/套
恒大御澜庭,淀山湖大道复兴路路口,上海丰涛置业有限公司,恒大金碧物业,2017-05-14-,住宅,2018-12-,0.50,70年,35%,1200,3,350000,175,32000,元/平
静安慕舍,广延路1199弄,上海东北明园实业发展有限公司,上海恒联物业有限公司,2016-06-12-,住宅,2018-05-30-,3.50,70年,35%,662,6.8,30000,130,,
大华斐勒公园,北艾路1643弄,上海锦绣华城房地产开发有限公司,上海浦华物业管理有限公司,2017-02-08-,别墅,2019-06-01-,1.40,70年,35%,924,10,151458,26,2000,万/套
安亭瑞仕锦庭,安研路67弄,上海城建博远置业有限公司,上海上实物业管理有限公司,2017-07-07-,住宅,2018-06-30-,2.17,70年,45%,968,2.6,46511,134,31500,元/平
上尚缘,松江-文翔路3588弄（近辰塔路）,上海中欣长远房地产开发有限公司,上海怡东物业管理有限公司,2015-09-14-,住宅,2016-03-,0.88,70年,40%,1500,2.3,200000,186,,
新城尚品,新中街188弄,上海莘松绿嘉房地产有限公司,上海名驰物业管理有限公司,2016-12-,住宅,2018-09-30-,1.20,70年,35%,533,2.5,45000,76,33000,元/平
大华碧云天,华和路336号,大华（集团）有限公司,上海卫华物业管理有限公司,2016-08-13-,住宅,预计2018-04-,2.25,70年,35%,644,2.8,95000,290,,
碧云壹零,竹柏路758弄,金桥出口加工区房产发展有限公司,上海上房物业管理有限公司,2017-09-06-,住宅,2018-12-,1.00,70年,35%,605,2.98,142998,207,28000,元/平米
大成名庭,武乡南路259弄,上海金隅大成房地产开发有限公司,狮城怡安（上海）物业管理有限公司,2018-01-,住宅,2018-05-30-,1.90,70年,35%,448,3.2,112282,356,30500,元/平
汤泉美地城,金石北路6666号（近新农立交桥）,上海尚合物业发展有限公司,上海紫泰物业管理有限公司,2016-10-01-,住宅,2018-06-30-,0.72,70年,40%,5000,3,132945,35,19800,元/平
宝龙世家,渔港路272号,上海宝龙睿承房地产开发有限公司,泰安宝龙商业物业管理有限公司,2017-07-16-,住宅,2018-12-30-,2.00,70年,35%,464,2.9,31054,62,23500,元/平
盛誉世家,淀湖路666弄,上海睿涛房地产开发有限公司,上海新城万嘉物业管理有限公司,2017-07-08-,住宅,2019-06-30-,1.79,70年,35%,312,3.5,20897,37,41500,元/平
中骏天悦,铜川路固川路路口,上海骏沃房地产开发有限公司,世邦泰和物业管理有限公司,2017-01-21-,住宅,2018-12-10-,3.50,70年,35%,241,9,23060,110,105000,元/平
大华斐勒公园,北艾路1643弄,上海锦绣华城房地产开发有限公司,上海浦华物业管理有限公司,2017-02-08-,住宅,2019-05-15-,1.40,70年,35%,924,10,151458,26,,
嘉宝前滩后院,云台路1101弄,嘉宝集团,嘉宝物业,2017-06-05-,别墅,2018-01-,1.20,70年,35%,152,8,25736,59,1620,万/套
澜庭,博海路118弄,上海豫金置业有限公司,上海豫园旅游商城物业管理有限公司,2016-12-30-,住宅,2018-04-30-,2.00,70年,35%,1400,2.28,65000,130,,
东滩豫翠苑,北陈公路银鸥西路路口,上海崇明豫商置业有限公司,临客嘉物业经营管理(上海)有限公司,2017-02-05-,别墅,2018-06-30-,1.00,70年,35%,448,5.8,54052,53,453,元/平米
绿地天呈,胜竹路2600号,上海绿地嘉唐置业有限公司,盛全物业,2017-07-06-,住宅,2018-11-30-,2.00,70年、40年,35%,1083,3,80000,160,44000,元/平
韵湖豪庭,太仓市沙溪镇德西路688号,建伟控股集团,苏州华新国际物业有限公司,2017-02-06-,住宅,2019-06-30-,2.00,70年,30%,1088,2,53000,120,14000,元/平米
尚景丽园,浦东康桥镇梓营路155弄,上海南汇房地产开发经营有限公司,上海南汇惠房物业管理有限公司,2017-07-14-,住宅,2018-09-30-,19.10,70年,35%,284,1.75,16000,30,43500,元/平
金地双都汇,明兴路18弄,上海鑫威房地产开发有限公司,上海金地物业服务有限公司,2017-05-20-,别墅,预计2018-05-,1.40,70年,35%,923,3.2,65000,130,,
禹洲雍贤府,奉贤浦星公路与大叶公路交汇处,上海泽翔房地产开发有限公司,禹洲物业服务有限公司上海分公司,2017-06-25-,别墅,2019-09-30-,1.60,70年,35%,1860,3.5,109266,268,317,万/套
盛世荟庭,浦东川南奉公路拱北路口,上海东鉴房地产开发有限公司,浦房物业服务中心有限公司,2018-01-15-,住宅,2019-12-,1.80,70年,40%,558,2.98,32166,52,,
尚海郦景,浦东-桃林路299弄,上海地产（集团）有限公司,上海新古北物业管理有限公司,2016-09-03-,别墅,2018-01-,2.50,70年,35%,1772,6.5,115786,286,4250,万/套
运杰御澜雅苑,青浦区青浦新城秀禾路368弄,上海运杰置业有限公司,暂无,2017-12-,住宅,2018-12-,2.00,70年,35%,513,,28122,76,43500,元/平米
江湾国际中心,南通市通州区江成路1090号,南通达海华德房地产开发有限公司,无锡市怡庭物业管理有限公司,2017-11-01-,住宅,2020-04-01-,1.88,70年,35%,320,1.9,773789,65,8500,元/平米
步阳御江金都,嘉唐公路88弄,上海步阳置业有限公司,步阳置业,2015-11-15-,住宅,2017-12-,2.20,70年,50%,845,2.8,15634,34,36000,元/平
陆家嘴壹号院,滨江大道1355号,上海富源滨江开发有限公司,第一太平戴维斯物业顾问(上海)有限公司,2016-11-11-,住宅,2018-12-30-,2.50,70年,35%,247,14.8,78939,351,128000,元/平
东外滩1号,内江路16弄,上海正海房地产开发有限公司,上海展大物业管理公司,2011-12-29-,住宅,2012-11-30-,2.50,70年,35%,880,2.65,38000,110,,
古北金鹰府,虹中路399弄,金鹰申集团有限公司,南京金鹰资产物业管理有限公司上海分公司,2017-04-28-,住宅,预计2018-07-,1.75,70年、40年,35%,832,5.8,51018,134,,
园与墅,金山-朱吕公路3658号,上海金山镜苑房地产经营有限公司,上海方圆物业管理有限公司,2016-12-08-,住宅,2017-03-30-,0.49,70年、40年,41%,597,2,110000,20,18000,元/平
新华联奥莱悦府,嘉松中路沈泾塘支路路口,上海新华联房地产开发有限公司,北京悦豪物业管理有限公司,2017-06-28-,别墅,预计2018-06-,1.50,70年,35%,673,4.5,45241,108,,
海上时光,太仓市港区龙江路与映雪路交汇处,太仓辉盛房地产开发有限公司,北京金辉锦江物业服务有限公司太仓分公司,2018-01-,住宅,2020-04-20-,2.00,70年,30%,1194,,69200,138,13800,元/平米
太湖上景花园,苏州太湖国际旅游度假区香山街道环太湖大道138号,苏州地福房地产开发有限公司,永旺永乐（江苏）物业服务有限公司,2017-09-01-,别墅,2015-11-30-,0.78,70年,40%,592,2.29,567000,1,24000,元/平米
御江南,金泉大道3号,苏州市政综合开发有限公司,苏州宏基物业管理有限公司,2017-10-01-,别墅,2017-12-,0.38,70年,35%,343,2.3,450000,300,885,元/平米
天琴雅苑,太仓市璜泾镇陆瑝公路东、新城路南,太仓正丰置业发展有限公司,正荣物业管理有限公司,2017-12-16-,住宅,2019-12-,1.80,70年,30%,302,2,21600,49,13000,元/平
祥生悦澜湾,诸暨市暨阳街道苎萝东路195号祥生新世纪广场祥生商贸综合楼十四层,浙江祥生房地产开发有限公司,浙江祥生物业管理有限公司,2017-09-24-,住宅,2019-12-,1.80,70年,31%,409,2,49300,125,15500,元/平米
金洲海尚,华丰路与百尺北路交叉口,浙江秦山房产有限公司,秦山房产自持物业,2017-11-01-,住宅,2019-12-,1.90,70年,35%,1265,2,60000,115,13500,元/平米
金色江湾,新桥北路和华丰路交汇处（向东100米）,浙江秦山房产有限公司,秦山物业管理有限公司,2017-10-01-,住宅,2019-12-,1.70,70年,35%,1300,2,70000,12,13500,元/平米
佳源梦想广场,奉贤-金海公路99弄,上海祥源房地产有限公司,暂无,2017-05-01-,商铺,2017-10-21-,1.60,40年,35%,526,6.95,157690,439,35000,元/平
同济融创玫瑰公馆,漕宝路1158弄,上海同瑞房地产开发有限公司,融创中国控股有限公司,2018-03-12-,住宅,2019-12-,1.38,70年,35%,410,6.5,40000,50,69000,元/平
宝龙城市广场(七宝),闵行漕宝路3207号（新镇路口）,上海宝龙展飞房地产开发有限公司,泰安宝龙商业物业管理有限公司上海曹路分公司,2015-01-14-,商铺,2016-10-30-,3.00,50年,20%,176,30,83727,390,115000,元/平米
上海星河湾,闵行-都会路3799号,上海金色紫都房地产有限公司,星河湾物业管理有限公司,2016-05-28-,住宅,2018-03-,1.40,70年,35%,854,4.5,714300,653,76500,元/平
新城盛世,淀湖路555弄,上海玺越房地产开发有限公司,上海新城物业管理有限公司,2017-09-29-,住宅,2018-12-,2.20,70年,35%,373,3.5,25323,55,42500,元/平
招商中环华府,丰皓路633弄,上海招平房地产开发有限公司,上海招商局物业管理有限公司,2017-09-15-,别墅,2018-11-30-,2.20,70年,35%,1105,4,58778,129,748,万/套
路劲佘山院子,松江松江崇南公路599弄,上海隽通置业有限公司,路劲物业,2017-06-30-,住宅,2017-12-28-,2.00,70年,35%,615,3.25,37336,76,38000,元/平
上海西环中心星信名邸,德园路955弄,上海星信房地产开发有限公司,中海物业管理（上海）有限公司,2017-06-26-,住宅,2018-10-20-,2.00,70年,35%,772,4,37323,74,550,万/套
葛洲坝绿城玉兰花园,青浦-清河湾路1699弄(近漕盈路),葛洲坝（上海）房地产开发有限公司,绿城物业,2017-06-10-,住宅,预计2018-12-,1.40,70年,35%,756,3.85,234000,350,43000,元/平
紫竹半岛花园,闵行-东川路333弄,上海紫竹半岛地产有限公司,上海紫泰物业管理有限公司,2016-09-06-,住宅,2018-07-13-,1.21,70年,50%,888,2.9,3240000,1,,
长城逸府,金山枫泾镇白牛路1068弄（近枫塘路）,上海华丰置业有限公司,上海绿城物业有限公司,2017-05-20-,住宅,预计2017-01-,1.50,70年,35%,1495,1.58,67667,101,20400,元/平
新华联奥莱悦府,嘉松中路沈泾塘支路路口,上海新华联房地产开发有限公司,北京悦豪物业管理有限公司,2017-06-28-,住宅,预计2018-06-,1.50,70年,35%,673,4.5,45241,108,,
诺丁公馆,沙溪镇印溪南路158号,五洋建设集团股份有限公司,苏州宏基物业管理有限公司,2017-12-15-,住宅,2020-02-01-,1.60,70年,35%,740,,56700,109,12500,元/平米
百汇园,徐汇-宛平南路1518弄,上海百汇房地产开发有限公司,上海中星集团申城物业有限公司,待定,住宅,待定,2.00,70年,40%,1926,4,192500,384,,
仁和都市花园,浦东-御水路555弄,上海佳地置业有限公司,上海联源物业发展有限公司,2016-06-21-,住宅,2017-12-,1.83,70年,35%,1086,3.2,66045,174,,
艺泰一品花园,浦东-人民西路1533弄,上海益流置业发展有限公司,浙江杭州开元物业,2016-03-,住宅,2015-09-20-,1.00,70年,60%,782,3,183140,288,35500,元/平米
正荣御首府,金山-龙轩路1998弄,正荣御尊（上海）置业发展有限公司,正荣江西物业有限公司上海分公司,2017-03-08-,住宅,2018-09-30-,1.60,70年,35%,1618,1.85,103737,166,24000,元/平
颐湾丽庭,青浦-朱家角浦泰路699号,上海建昊置业有限公司,上海振新物业有限公司,2015-07-28-,别墅,2015-09-30-,0.73,70年,40%,201,3,68860,90,750,万/套
正阳世纪星城,正环路666弄,上海临港奉贤置业有限公司,上海陆家嘴物业管理有限公司,2014-10-08-,住宅,2015-11-30-,1.34,70年,37%,84,,191666,230,,
金融家,浦东-上丰路1483弄,上海鑫达置业有限公司,上海上实物业管理有限公司,2016-12-03-,住宅,2018-06-30-,1.20,70年,40%,682,4.5,166000,300,,
万源城御璄,闵行-古龙路588号（万源路口）,上海万源房地产开发有限公司,第一太平戴维斯物业管理有限公司,2016-05-05-,住宅,2016-12-,1.72,70年,43%,668,5.5,110800,26,90000,元/平
佘山一品,松江-桃源路518弄,上海新佘山置业有限公司,第一太平戴维斯物业管理有限公司,2016-08-27-,别墅,2016-03-21-,1.00,70年,40%,319,3.4,80000,80,1030,万/套
恒大御景湾,嘉定-育英南街55弄,上海金碧置业有限公司,上海金碧物业管理有限公司,2016-04-02-,住宅,2017-12-,2.50,70年,35%,1005,2.7,51000,180,54000,元/平
明天华城,浦东-周星路500弄,上海荣惠置业有限公司,颐景园物业,2016-08-14-,住宅,2018-05-,1.76,70年,45%,2197,1.75,166986,300,53000,元/平
大学里,嘉定-杭桂路1119弄,上海国际汽车城同济科技园有限公司,上海科嘉物业管理有限公司,2017-07-20-,住宅,2019-06-30-,2.30,70年,42%,645,2.5,30000,60,30000,元/平
张江三湘海尚,浦东-绿晓路58弄,上海湘骏置业发展有限公司,上海达安物业管理有限公司,2016-05-09-,住宅,预计2018-03-,2.00,70年、40年,35%,354,5.8,18517,60,69000,元/平
金臣汇,闵行-金光路801弄（近北青公路）,上海金臣房地产发展有限公司,广东中奥物业管理有限公司,2016-05-08-,住宅,2017-05-30-,1.87,70年,33%,41,6.8,5069,9,1890,万/套
万科安亭新镇,安勇路20弄,上海国际汽车城置业有限公司,上海国际汽车城物业管理有限公司,2018-02-25-,别墅,2018-06-30-,0.59,70年,60%,833,3.4,5000000,1,468,万/套
同润蓝美俊庭,浦东-南芦公路989弄,上海垄汇房地产开发有限公司,上海上房物业管理有限公司,2016-03-12-,住宅,2016-04-30-,1.80,70年,35%,1134,3,67600,165,,
华谊逸品澜湾,嘉程东路德园路路口,上海华漪房地产开发经营有限公司,上海绿地物业服务有限公司,2018-01-11-,住宅,2018-10-30-,2.20,70年,35%,480,,22461,44,46000,元/平
西上海御庭,嘉定-安公路4908弄,上海西上海上食科技发展有限公司,上海捷艾尔物业管理有限公司,2016-10-20-,住宅,2016-09-30-,2.26,70年、40年,35%,1528,3.1,119999,175,32000,元/平
晶耀名邸,海阳西路268弄1-17号,上海陆家嘴集团,上海陆家嘴物业管理有限公司,2017-01-19-,住宅,待定,2.70,70年,35%,410,9.9,33501,90,,
合生财富海景公馆,金山-龙胜路69弄,上海合创临海房地产开发有限公司,广东康景物业服务有限公司,2017-04-29-,住宅,2018-05-,3.00,70年,35%,393,2.15,88000,288,29000,元/平
银河丽湾,百通路88弄（近南奉公路金海路）,银基发展（上海）投资控股有限公司,戴德粱行物业管理顾问公司,2012-04-30-,住宅,预计2018-08-,3.80,70年、50年,35%,989,2.2,74499,390,,
荣乐水岸,松江-荣乐西路106弄,上海五丰房地产有限公司,上海宫宵物业有限公司,2014-07-26-,住宅,待定,1.60,70年,30%,632,0.8,59934,103,,
泛海国际公寓,黄浦-中华路518弄,浦纳投资（上海）有限公司,泛海物业,2015-12-11-,住宅,2017-04-30-,3.30,70年、40年,40%,300,10,43000,220,,
日月光伯爵天地,嘉定-陈家山路388弄,上海鸿翔置业有限公司,上海实开物业管理有限公司,预计2016-10-,住宅,2014-12-27-,2.10,70年,47%,767,2.1,300000,950,,
招商海德名门(别墅),海笛路333弄,上海丰扬房地产开发有限公司,招商局物业,2017-08-,别墅,2018-06-30-,0.75,70年,50%,536,4,202000,150,1000,元/平米
新华御湖上园,夏宁路九工路交汇处,上海拓金房地产有限公司,安徽天一物业管理有限公司,预计2018-01-,住宅,2018-12-,2.00,70年,35%,340,2.28,69000,138,,
禹洲老城里,嘉定-柳湖路88弄,禹洲置业（上海）有限公司,禹洲物业服务有限公司上海分公司,2016-06-18-,住宅,预计2017-08-,2.30,70年,35%,1168,,55017,129,33000,元/平
虹桥融景,青浦－沪青平公路1638号（近谢卫路）,上海赋力慧房地产开发有限公司,上海深和平物业管理有限公司,2016-05-08-,别墅,2017-10-,1.00,70年,35%,111,4.5,162548,208,,
凯德新视界(一期),浦东-祥安路223弄,上海凯惠置业有限公司,上海怡东物业管理有限公司,2017-06-27-,住宅,2018-12-,2.33,70年,35%,970,2.85,36920,86,23000,元/平
尚海郦景,浦东-桃林路299弄,上海地产（集团）有限公司,上海新古北物业管理有限公司,2016-09-03-,住宅,2018-01-,2.50,70年,35%,1772,6.5,115786,286,,
宝龙城市广场(七宝),闵行漕宝路3207号（新镇路口）,上海宝龙展飞房地产开发有限公司,泰安宝龙商业物业管理有限公司上海曹路分公司,2015-01-14-,写字楼,2016-10-30-,3.00,50年,20%,513,30,83727,390,44000,元/平米
金地佘山天境(别墅),青浦区赵巷嘉松中路6888弄,上海金珩房地产发展有限公司,金地物业公司,2017-06-22-,别墅,2018-03-,1.00,70年,52%,713,5.8,210228,350,,
中冶枫郡苑,徐汇－龙兰路399弄(由云锦路470号进入),上海东航置业有限公司,东航物业,2012-09-23-,住宅,2016-08-30-,1.00,70年,30%,879,1.24,33624,60,,
翡丽甲第,杨浦-辽阳路68弄,上海隆矩房地产开发有限公司,上海保利物业管理,2015-12-26-,住宅,2017-12-,2.50,70年,35%,430,12.5,33007,123,100000,元/平米
建邦16区,虹口-天宝路488号,上海瀛联置业有限公司,上海振翔物业管理有限公司,2015-06-27-,住宅,2016-05-21-,3.96,70年、40年,40%,301,2.6,49000,200,,
尚景丽园,浦东康桥镇梓营路155弄,上海南汇房地产开发经营有限公司,上海南汇惠房物业管理有限公司,2017-07-14-,住宅,2018-09-30-,19.10,70年,35%,284,1.75,16000,30,43500,元/平
盛誉世家,淀湖路666弄,上海睿涛房地产开发有限公司,上海新城万嘉物业管理有限公司,2017-07-08-,住宅,2019-06-30-,1.79,70年,35%,312,3.5,20897,37,41500,元/平
中骏天悦,铜川路固川路路口,上海骏沃房地产开发有限公司,世邦泰和物业管理有限公司,2017-01-21-,住宅,2018-12-10-,3.50,70年,35%,241,9,23060,110,105000,元/平
金地双都汇,明兴路18弄,上海鑫威房地产开发有限公司,上海金地物业服务有限公司,2017-05-20-,住宅,2018-05-30-,1.40,70年,35%,923,3.2,65000,130,,
大华斐勒公园,北艾路1643弄,上海锦绣华城房地产开发有限公司,上海浦华物业管理有限公司,2017-02-08-,住宅,2019-05-15-,1.40,70年,35%,924,10,151458,26,,
泰禾大城小院,凤凰公路与潘园公路交叉口,上海禾柃房地产开发有限公司,泰禾物业,2018-02-03-,住宅,2020-06-30-,1.50,70年,35%,1800,3.9,200000,420,280,万/套
汤泉美地城,金石北路6666号（近新农立交桥）,上海尚合物业发展有限公司,上海紫泰物业管理有限公司,2016-10-01-,住宅,2018-06-30-,0.72,70年,40%,5000,3,132945,35,19800,元/平
天健萃园,祥凯路2013弄,天健置业（上海）有限公司,天健物业,2017-09-18-,住宅,2018-06-30-,1.40,70年,35%,664,2.9,48710,93,28000,元/平米
绿地天呈,胜竹路2600号,上海绿地嘉唐置业有限公司,盛全物业,2017-07-06-,别墅,预计2018-11-,2.00,70年,35%,1084,3,80000,160,570,万/套
静安府,平陆路999弄,上海华泓钜盛房地产开发有限公司,华润物业有限公司,2016-10-28-,别墅,2018-03-,2.65,70年,35%,2835,6.9,163512,670,2000,万/套
招商中环华府,丰皓路633弄,上海招平房地产开发有限公司,上海招商局物业管理有限公司,2017-09-01-,住宅,2018-11-30-,2.20,70年,35%,1105,4,58778,129,56500,元/平
万科金域澜湾,雪绒花路369弄,上海港万房地产有限公司,上海万科物业管理有限公司,2016-09-17-,住宅,2019-12-,1.20,70年,35%,1355,3.5,104361,158,30000,元/平
保利熙悦,走马塘路1228弄,上海泓钧房地产开发有限公司,上海保利物业管理有限公司,预计2018-01-,住宅,预计2019-01-,2.80,70年,35%,1546,4.5,65600,190,51000,元/平
保利艾庐,蓝靛路1688弄,上海保利建憬房地产有限公司,保利物业管理,2016-01-01-,别墅,2017-05-,1.50,70年,35%,1238,3.3,82352,123,,
中国铁建香榭国际,奉贤东启扶栏路，西至南横泾港，南依金庄公路，北靠...,上海中铁京贤房地产开发有限公司,中铁建北京物业管理有限公司上海分公司,2017-12-12-,住宅,2019-05-,1.80,70年,35%,1827,3.5,110074,332,38000,元/平
M·旭辉城,嘉兴市嘉善县姚庄镇兴学路和河滨路交叉口,嘉善盛诚置业有限公司,上海永升物业管理股份有限公司,2017-12-30-,住宅,2019-12-,2.00,70年,35%,1756,1.86,65000,140,18500,元/平米
万科中环公园,嘉兴市中环北路与城北路交叉口,嘉兴万昆房地产有限公司,万科物业,2017-12-18-,住宅,2019-12-,2.20,70年,30%,843,2.85,37900,110,15000,元/平米
浦江坤庭—枫郡,浦锦路1181弄,上海爱利特房地产有限公司,上海振新物业管理公司,2016-09-29-,住宅,2018-01-,1.86,70年,33%,288,3.8,112335,267,60000,元/平米
恒大御景湾,嘉定-育英南街55弄,上海金碧置业有限公司,上海金碧物业管理有限公司,2016-04-02-,住宅,2017-12-,2.50,70年,35%,1005,2.7,51000,180,54000,元/平
东亚威尼斯公馆,崇明－乔松路736弄,上海置祥房地产开发有限公司,北京东亚时代物业管理有限公司,2016-10-15-,住宅,2018-08-,2.00,70年,35%,834,2.35,134178,50,,
佘山一品,松江-桃源路518弄,上海新佘山置业有限公司,第一太平戴维斯物业管理有限公司,2016-08-27-,别墅,2016-03-21-,1.00,70年,40%,319,3.4,80000,80,1030,万/套
万源城御璄,闵行-古龙路588号（万源路口）,上海万源房地产开发有限公司,第一太平戴维斯物业管理有限公司,2016-05-05-,住宅,2016-12-,1.72,70年,43%,668,5.5,110800,26,90000,元/平
明天华城,浦东-周星路500弄,上海荣惠置业有限公司,颐景园物业,2016-08-14-,住宅,2018-05-,1.76,70年,45%,2197,1.75,166986,300,53000,元/平
大学里,嘉定-杭桂路1119弄,上海国际汽车城同济科技园有限公司,上海科嘉物业管理有限公司,2017-07-20-,住宅,2019-06-30-,2.30,70年,42%,645,2.5,30000,60,30000,元/平
万业紫辰苑,宝山－江杨北路1568弄,上海万业企业宝山新城建设开发有限公司,上海万业企业爱佳物业服务有限公司,2017-09-02-,住宅,2016-12-30-,2.20,70年、40年,40%,1500,2.5,196828,519,41400,元/平
桐南美麓,奉贤金海公路广丰路交汇处,上海励治房地产开发有限公司,东原物业,2017-09-23-,别墅,2018-12-,1.80,70年,35%,1646,3.3,87916,158,,
仁恒西郊花园,青浦-徐盈路1188弄（近崧泽大道）,上海仁恒虹桥房地产有限公司,上海仁恒物业管理有限公司,2017-06-06-,住宅,2017-10-,1.80,70年,37%,1470,4.3,140000,24,60000,元/平米
嘉御庭,徐汇-建国西路236号,上海嘉兆房地产开发经营有限公司,第一太平戴维斯,2016-03-05-,住宅,预计2017-06-,3.65,70年,28%,185,14.8,38000,190,,
万科翡翠雅宾利,闸北－中华新路199弄,上海硕诚置业有限公司,上海万科物业服务有限公司,2016-03-20-,住宅,2016-12-,3.00,70年,40%,777,4.8,54500,218,,
旭辉铂悦西郊,嘉定-博园路6155弄,旭辉集团,上海永生物业管理有限公司,预计2017-09-,别墅,2015-03-,0.24,70年,50%,140,6,540000,130,5250,万/套
保利天琴宇舍,嘉定-洪德路35弄,上海保利隆佳房地产开发有限公司,上海保利物业管理,2015-07-11-,住宅,2016-03-01-,1.76,70年,30%,408,3.2,66200,115,38500,元/平
君悦湾墅,联民路877弄,上海君强置业有限公司,上海绿城物业管理有限公司,2015-09-26-,别墅,2015-11-17-,1.00,70年,40%,482,4.15,119731,189,,
湖畔天下(公寓),嘉定-瑞林路800弄,上海和雅房地产开发有限公司,家利物业管理（深圳）有限公司上海湖畔名邸物业管理分公司,2016-03-26-,住宅,2016-06-30-,1.56,70年,30%,3000,3.6,119300,595,,
佳源梦想广场,奉贤-金海公路99弄,上海祥源房地产有限公司,浙江佳源物业管理有限公司,2017-06-20-,住宅,2018-05-11-,1.60,70年,35%,526,1.95,157690,439,,
星尚湾名邸,青浦-新凤中路899弄,上海文基置业有限公司,深圳彩生活,2016-03-25-,住宅,2017-12-,1.80,70年,40%,2500,1.75,159549,350,42000,元/平
仁恒东郊花园,浦东-玉盘北路288弄,上海仁恒兴唐置业有限公司,上海仁恒物业管理有限公司,2016-10-17-,住宅,2017-11-30-,1.40,70年,35%,1194,5.6,128000,180,,
宝华帝华园,奉贤区青村镇南奉公路3111弄,上海帝豪企业发展有限公司,上海安荣物业管理服务有限公司,2018-01-16-,住宅,2019-03-,1.40,70年,35%,1152,3.8,62326,100,25000,元/平米
中铁北城时代,月辉路218弄,上海中铁宝丰置业有限公司,深圳中铁物业管理有限公司,2017-07-06-,住宅,2018-06-30-,2.00,70年、40年,30%,276,2.7,65947,170,,
东方颐城,丽正路99弄,上海临港恒益健康产业发展有限公司,临客嘉物业经营管理(上海)有限公司,2016-12-28-,别墅,2019-03-30-,1.01,70年,35%,882,4.2,84700,85,363,万/套
首创禧悦(二期),黄泥娄路287弄,上海首浦置业有限公司,上海万科物业管理公司,2016-12-30-,住宅,2018-09-30-,1.80,70年,35%,354,3.5,28620,72,42000,元/平
英庭名墅,青浦-诸光路228弄,上海广南房地产发展有限公司,戴德梁行物业有限公司,2016-05-18-,别墅,2015-12-15-,0.40,70年,45%,320,8,144657,99,,
佘山东郡,松江古楼公路1269弄(近嘉松南路),上海祥泽房地产有限公司,上海联源物业发展有限公司,2017-12-15-,别墅,2013-12-30-,0.30,70年,67%,154,4.5,168648,39,1912,万/套
凯德茂名公馆,黄浦-茂名南路9弄（茂名南路巨鹿路）,凯德置地(中国)投资有限公司,新昌物业管理(深圳)有限公司上海分公司,待定,住宅,待定,2.99,70年,35%,271,15.48,26474,79,,
金大元御珑宫廷(别墅),浦东-唐丰路881弄,上海金堂置业有限公司,上海香梅物业管理有限公司,2016-05-01-,别墅,2016-09-30-,1.60,70年,35%,267,6.5,53000,86,3350,元/平米
虹桥1号,闵行-北翟路2010弄,上海博锦房地产开发中心有限公司,彩生活物业管理公司,2016-12-30-,住宅,2017-12-,1.81,70年,35%,1265,1.5,91082,199,,
绿地朱家角1号, 青浦-朱家角沙淀中路288号,上海青腾房地产有限公司,上海科瑞物业有限公司,2015-05-,别墅,2016-10-,1.00,70年,40%,802,3.2,120000,120,,
海宁公园道一号,江南大道与海昌南路交叉口东南100米,锦申房地产开发有限公司,上海南都物业有限公司,2016-10-05-,住宅,2019-06-30-,2.60,70年,55%,1700,1.7,90000,320,14000,元/平
上实海上公元,沪宜公路2529号（沪宜公路与双单路交叉口）,上海嘉荟房地产有限公司,上海上实物业管理有限公司,2017-01-14-,住宅,2018-12-,2.00,70年,35%,676,3.2,58949,164,44000,元/平
碧云壹零,竹柏路758弄,金桥出口加工区房产发展有限公司,上海上房物业管理有限公司,2017-09-06-,别墅,2018-11-30-,1.00,70年,35%,605,3.8,142998,207,680,元/平米
绿洲康城亲水湾(中央区),浦东-康桥路1388号,上海振龙房地产开发有限公司,上海中远物业管理发展有限公司,2015-12-12-,住宅,2016-12-10-,1.55,70年,37%,714,1.5,500000,1,,
桐南美麓,奉贤金海公路广丰路交汇处,上海励治房地产开发有限公司,东原物业,2017-09-23-,别墅,2018-12-,1.80,70年,35%,1646,3.3,87916,158,,
万科金域澜湾,雪绒花路369弄,上海港万房地产有限公司,上海万科物业管理有限公司,2016-09-17-,住宅,2019-12-,1.20,70年,35%,1355,3.5,104361,158,30000,元/平
保利熙悦,走马塘路1228弄,上海泓钧房地产开发有限公司,上海保利物业管理有限公司,预计2018-01-,住宅,预计2019-01-,2.80,70年,35%,1546,4.5,65600,190,51000,元/平
保利艾庐,蓝靛路1688弄,上海保利建憬房地产有限公司,保利物业管理,2016-01-01-,别墅,2017-05-,1.50,70年,35%,1238,3.3,82352,123,,
M·旭辉城,嘉兴市嘉善县姚庄镇兴学路和河滨路交叉口,嘉善盛诚置业有限公司,上海永升物业管理股份有限公司,2017-12-30-,住宅,2019-12-,2.00,70年,35%,1756,1.86,65000,140,18500,元/平米
万科中环公园,嘉兴市中环北路与城北路交叉口,嘉兴万昆房地产有限公司,万科物业,2017-12-18-,住宅,2019-12-,2.20,70年,30%,843,2.85,37900,110,15000,元/平米
首创禧悦(二期),黄泥娄路287弄,上海首浦置业有限公司,上海万科物业管理公司,2016-12-30-,住宅,2018-09-30-,1.80,70年,35%,354,3.5,28620,72,42000,元/平
浦江坤庭—枫郡,浦锦路1181弄,上海爱利特房地产有限公司,上海振新物业管理公司,2016-09-29-,住宅,2018-01-,1.86,70年,33%,288,3.8,112335,267,60000,元/平米
宝华帝华园,奉贤区青村镇南奉公路3111弄,上海帝豪企业发展有限公司,上海安荣物业管理服务有限公司,2018-01-16-,住宅,2019-03-,1.40,70年,35%,1152,3.8,62326,100,25000,元/平米
沁和园,普陀-丹巴路382号,新加坡TGR集团,狮城怡安（上海）物业管理有限公司,2016-09-08-,住宅,2019-01-,2.14,70年,37%,398,5.6,39539,130,,
象屿上海年华,松江-明华路1077弄,上海磐基房地产有限公司,上海复瑞物业管理有限公司,2017-03-05-,住宅,2018-08-,1.40,70年,35%,1046,2.8,66463,109,46000,元/平
华府樟园,普陀-凯旋北路1555弄（近凯旋路桥）,上海华运房地产开发有限公司,上海瑞运物业管理有限公司,2016-09-18-,住宅,2013-06-18-,2.43,70年,38%,426,1.95,38813,107,100000,元/平
圣和静安公馆,闸北-山西北路399弄,上海圣和圣置业有限公司,第一太平戴维斯物业顾问（上海）有限公司,2016-06-07-,住宅,2017-12-,3.48,70年,35%,352,9.8,10835,38,110000,元/平
阳明花园广场,浦东－季景路333,上海侨福外高桥置业有限公司,上海锐翔上房物业管理有限公司,2017-05-13-,住宅,2017-06-30-,2.80,70年,35%,2024,1.2,85566,337,,
华府天地愉园,闵行-昆阳北路3688弄,上海绿杉置业,上海华府天地物业管理有限公司,2016-05-21-,别墅,2018-12-,1.00,70年,35%,680,6.8,103157,103,,
招商中环华府,丰皓路633弄,上海招平房地产开发有限公司,上海招商局物业管理有限公司,2017-09-01-,住宅,2018-11-30-,2.20,70年,35%,1105,4,58778,129,56500,元/平
新虹桥首府(别墅),松江-涞坊路1080弄,上海佳铭房产有限公司,上海世江物业管理有限公司,预计2016-10-,别墅,2013-12-01-,0.80,70年,40%,180,3.5,300000,83,,
融创滨江壹号院,黄浦-中山南一路500弄（近制造局路）,上海新富港房地产发展有限公司,绿城物业服务集团有限公司,2016-07-19-,住宅,2019-06-30-,4.00,70年,35%,561,4.7,123000,725,,
天和尚上海,大叶公路6288弄（近浦星公路）,上海康都置业有限公司,长城物业集团股份有限公司上海分公司,2015-05-23-,别墅,2018-03-,1.00,70年,40%,1495,2.85,275878,284,,
国贸天悦佘山二期,马尾山路179弄,上海筑成房地产有限公司,长城物业,2017-11-20-,住宅,2018-11-30-,2.70,70年,35%,645,2.98,133535,350,41500,元/平
禹洲雍贤府,奉贤浦星公路与大叶公路交汇处,上海泽翔房地产开发有限公司,禹洲物业服务有限公司上海分公司,2017-06-25-,住宅,2019-09-30-,1.60,70年,35%,1860,3.5,109266,268,,
中环国际公寓(三期),场北路559号,上海康德利房地产经营有限公司,上海中环陆家嘴物业管理有限公司,2017-08-29-,住宅,2018-12-,1.56,70年,35%,1218,3.2,813000,800,56000,元/平
金地玺华邨,泗凤公路758弄,上海仲骏房地产开发有限公司,上海金地物业服务有限公司,2017-06-16-,住宅,2018-09-30-,1.00,70年,35%,616,3.7,75189,101,,
锦秋花园(别墅),锦秋路699弄,上海锦秋房地产有限公司,上海锦秋物业管理(上海)有限公司,2016-04-30-,别墅,2017-07-30-,1.00,70年,38%,306,1.45,125000,100,1300,万/套
外冈壹号,嘉定-外钱公路外青松公路交汇处,上海保苑房产经营有限公司,上海亿超物业管理有限公司,2016-08-06-,住宅,2018-03-01-,1.00,70年,35%,133,2.5,30992,32,25000,元/平
九龙仓滨江壹十八,浦东-浦明路1199弄,上海莉源房地产开发有限公司,九龙仓物业管理有限公司,2016-09-30-,住宅,2017-12-,2.50,70年,35%,472,12,54415,181,,
淡水湾花园,马当路588弄,上海天益房地产开发有限公司,上实物业管理（上海）有限公司,2015-10-23-,住宅,2017-12-,3.20,70年,40%,108,3.5,45000,150,4100,万/套
美兰金色宝邸,潘沪路188弄,上海顾村房地产开发(集团)有限公司,上海顾村物业管理有限公司,2017-10-28-,别墅,2014-06-18-,1.30,70年,40%,592,2.2,47442,91,1070,万/套
合生广富汇(别墅),松江-银泽路3188弄,上海合生锦廷房地产开发有限公司,广州康景物业服务有限公司上海分公司,2018-01-16-,别墅,2018-12-,0.80,70年,35%,385,3,94476,135,55000,元/平
远洋博堡雅墅,抚远路885弄,上海远鑫置业有限公司,高力国际物业管理有限公司,2016-08-08-,别墅,2013-07-,0.60,70年,50%,80,12,43325,50,9000,万/套
荣信虹桥世嘉,虹梅路2159弄,上海荣信房地产开发有限公司,上海新古北物业管理有限公司,2016-03-26-,住宅,2017-01-,1.98,70年,35%,378,4.95,47700,89,70000,元/平
